{
    "Dataset Length": 325810,
    "Embedding Dim X": 1371.84912109375,
    "Embedding Dim Y": 892.2863159179688,
    "Embedding Dim Speed": 105.95179748535156,
    "Embedding Dim Num Agents": 20
}