{
    "Dataset Length": 69,
    "Embedding Dim X": 117.0606918334961,
    "Embedding Dim Y": 983.12109375,
    "Embedding Dim Speed": 6.302944183349609,
    "Embedding Dim Num Agents": 2
}