{
    "Dataset Length": 79296,
    "Embedding Dim X": 407.1781311035156,
    "Embedding Dim Y": 1651.4700927734375,
    "Embedding Dim Speed": 156.73690795898438,
    "Embedding Dim Num Agents": 12
}